AL0170,The Paper Lady,thepaperlady@et.printswell.com,AL0170.gif,http://thepaperlady.printswell.com/,donna@thepaperlady.netAL0232,Paper With Purpose,paperwithpurpose@et.printswell.com,AL0232.gif,http://paperwithpurpose.printswell.com/,paperwithpurpose@gmail.comAL0294,A Passion for Paper,apassionforpaper@et.printswell.com,AL0294.gif,http://passion4paper.printswell.com/,passion4paper@charter.netAL0357,Dixie Doodles,dixiedoodles@et.printswell.com,AL0357.gif,http://dixiedoodles.printswell.com/,arockett@hotmail.comAL0388,Little Magic Cards,littlemagiccards@et.printswell.com,AL0388.gif,http://littlemagiccards.printswell.com/,temisha@littlemagiccards.comAL0390,Paper Fetish,paperfetish@et.printswell.com,AL0390.gif,http://paperfetish.printswell.com/,jillmhedges@hotmail.comAR0044,You Name It,younameit@et.printswell.com,AR0044.gif,http://younameit.printswell.com/,younameitsam@gmail.comAR0046,Southern Loop,southernloop@et.printswell.com,AR0046.gif,http://southernloop.printswell.com/,southernloop@gmail.comAZ0043,Papercuts,papercuts@et.printswell.com,AZ0043.gif,http://rockpaperscissorsinvitations.printswell.com/,rockpaperscissors3@yahoo.comAZ0075,Ink Ala Mode,inkalamode@et.printswell.com,AZ0075.gif,http://inkalamode.printswell.com/,customerhelp@inkalamode.comCA0147,Traylor Papers,traylorpapers@et.printswell.com,CA0147.gif,http://traylorpapers.printswell.com/,sales@traylorpapers.comCA0151,You're Invited,youreinvited@et.printswell.com/,CA0151.gif,http://youreinvited.printswell.com/,youreinvited1@yahoo.comCA0427,Invites Couture Inc,iInvitescouture@et.printswell.com,CA0427.gif,http://invitescouture.printswell.com/,info@invitescouture.comCA0431,Stylish Scribbles,stylishscribbles@et.printswell.com,CA0431.gif,http://stylishscribbles.printswell.com/,stylishscribbles@gmail.comCA0440,PaperSplash,papersplash@et.printswell.com,CA0440.gif,http://papersplash.printswell.com/,lauradrobertson@rocketmail.comCN0017,Scripts,scriptsmd@et.printswell.com,CN0017.gif,http://scriptstationery.printswell.com/,scriptsmd@hotmail.comCO0084,Hearthfire Books,hearthfirebooks@et.printswell.com,CO0084.gif,http://hearthfirebooks.printswell.com/,info@hearthfirebooks.comCO0149,Paper Loves 57,paperloves13@et.printswell.com,CO0149.gif,http://paperloves13.printswell.com/,paperloves13@gmail.comCO0151,Posh Peak Paperie,poshpeakpaperie@et.printswell.com,CO0151.gif,http://poshpeakpaperie.printswell.com/,poshpeakpaperie@gmail.comCT0008,Truly Yours LLC,trulyyoursllc@et.printswell.com,CT0008.gif,http://trulyyoursllc.printswell.com/,dawn@trulyyoursllc.comCT0047,Papers of Note,papersofnote@et.printswell.com,CT0047.gif,http://papersofnote.printswell.com/,sarahbparsons@aol.comCT0166,The Party Connection,thepartyconnection@et.printswell.com,CT0166.gif,http://thepartyconnection.printswell.com/,thepartyconnection@gmail.comCT0172,Post Script Papery,postscriptpapery@et.printswell.com,CT0172.gif,http://postscriptpapery.printswell.com/,diana@postscriptpapery.comCT0175,Chickadees Designs,chickadeesdesigns@et.printswell.com,CT0175.gif,http://chickadeesdesigns.printswell.com/,chickadeesdesigns@yahoo.comFL0002,Sincerely Yours Diane,sincerelyyoursdiane@et.printswell.com,FL0002.gif,http://sincerelyyoursdiane.printswell.com/,diane@sydiane.comFL0013,By Invitation Only from Susan McGrath,byinvitationonly@et.printswell.com,FL0013.gif,http://pinecrestpapers.printswell.com/,pinecrestpapers@aol.comFL0027,Sassafras Stationery & Gifts,sassafras-online@et.printswell.com,FL0027.gif,http://sassafras-online.printswell.com/,info@sassafras-online.comFL0051,Timeless Impressions,timelessimpressions@et.printswell.com,FL0051.gif,http://timelessimp.printswell.com/,invitations@timelessimp.comFL0071,The Paper Tree,thepapertree@et.printswell.com,FL0071.gif,http://thepapertree.printswell.com/,tandcharper@yahoo.comFL0143,Kathryn Cleveland,kathryncleveland@et.printswell.com,FL0143.gif,http://kcleveland.printswell.com/,kccleveland12@gmail.comFL0220,Creative Callings,creativecallings@et.printswell.com,FL0220.gif,http://creativecallings.printswell.com/,shigby@aol.comFL0222,Pen and Parchment,penpandparchment@et.printswell.com,FL0222.gif,http://penandparchment.printswell.com/,service@penandparchment.netFL0235,Paper Mpressions,papermpressions@et.printswell.com,FL0235.gif,http://paperdestination.printswell.com/,papmpr@bellsouth.netFL0239,Maureen Hall Stationery & Invitations,maureenhallstationery@et.printswell.com,FL0239.gif,http://maureenhall.printswell.com/,hallinvitations@aol.comFL0257,Dragonflies and Bumblebees,dragonfliesandbumblebees@et.printswell.com,FL0257.gif,http://dragonfliesandbumblebees.printswell.com/,chforsberg@yahoo.comFL0300,No Regrets,noregretsonline@et.printswell.com,FL0300.gif,http://noregrets.printswell.com/,noregretsonline@yahoo.comFL0372,Abby Brown's Cards,abbybrownscards@et.printswell.com,FL0372.gif,http://abbybrownscards.printswell.com/,Abbybrownscards@cfl.rr.comFL0511,An Invitation to Grace,aninvitationtograce@et.printswell.com,FL0511.gif,http://invitationtograce.printswell.com/,aninvitationtograce@gmail.comFL0513,Always Invited,alwaysinvited@et.printswell.com,FL0513.gif,http://alwaysinvited.printswell.com/,stacy@alwaysinvited.comFL0531,Paper Boutique,paperboutique@et.printswell.com,FL0531.gif,http://paperboutiquesouthmiami.printswell.com/,paperboutique@yahoo.comFL0542,Paradise Papers,paradisepapers@et.printswell.com,FL0542.gif,http://paradisepapers.printswell.com/,ylbarbara12@gmail.comFL0570,Nicole Marie,nicolemarieeventstudio@et.printswell.com,FL0570.gif,http://nicolemeventstudio.printswell.com/,info@nicolemeventstudio.comGA0019,Room Service,roomservice@et.printswell.com,GA0019.gif,http://roomservice.printswell.com/,proofs.shoproomservice@gmail.comGA0274,Noteworthy,noteworthystyle@et.printswell.com,GA0274.gif,http://noteworthystyle.printswell.com/,christystargel@att.netGA0356,ellie and co,ellieandco@et.printswell.com,GA0356.gif,http://ellieandco.printswell.com/,missy@ellieandco.comGA0438,Paper Chase,paperchase@et.printswell.com,GA0438.gif,http://paperchase.printswell.com/,ckchase03@hotmail.comGA0452,Whimsees,whimsees@et.printswell.com,GA0452.gif,http://whimsees.printswell.com/,hello@whimsees.comIL0103,lizzardprints,lizzardprints@et.printswell.com,IL0103.gif,http://lizzardprints.printswell.com/,lizzardprints@sbcglobal.netIL0141,Leslie Riemer,wordsandwishes@et.printswell.com,IL0141.gif,http://wordsandwishes.printswell.com/,lsriemer@comcast.netIL0213,Traces Of Heaven + Gift Bandit,tracesofheavengiftbandit@et.printswell.com,IL0213.gif,http://giftbandit.printswell.com/,mariette@giftbandit.comIL0235,FUN Cards and Gifts,funcardsandgifts@et.printswell.com,IL0235.gif,http://funcardsandgifts.printswell.com/,printshop@funcardsandgifts.comIN0090,Westwood Paper Company,westwoodpapercompany,IN0090.gif,http://westwoodpaper.printswell.com/,Jill@westwoodpaper.comIN0093,Unique By Design,uniquebydesign@et.printswell.com,IN0093.gif,http://uniquebydesign.printswell.com/,emily.winters@sbcglobal.netKS0005,Statements,statements@et.printswell.com,KS0005.gif,http://statementskc.printswell.com/,statementskc@sbcglobal.netKS0023,Sincerely Yours,sincerelyyours@et.printswell.com,KS0023.gif,http://sincerelyyours.printswell.com/,sincerelyyoursks@kc.rr.comKY0012,Etcetera,etcetera@et.printswell.com,KY0012.gif,http://personalizeit.printswell.com/,info@etceteraoflouisville.comKY0053,On A Personal Note,onapersonalnote@et.printswell.com,KY0053.gif,http://vintagerose.printswell.com/,sarah@vintagerose.comKY0066,Karen Edwards Stationery,karenedwardsstationery@et.printswell.com,KY0066.gif,http://karenedwards.printswell.com/,edwards158@comcast.netKY0087,Invitations on Main,invitationsonmain@et.printswell.com,KY0087.gif,http://invitationsonmain.printswell.com/,bsint@bellsouth.netLA0036,The Keeping Room,thekeepingroom@et.printswell.com,LA0036.gif,http://thekeepingroom.printswell.com/,proofs@thekeepingroombr.comLA0065,Invitations Etc.,invitationsetc@et.printswell.com,LA0065.gif,http://invitations-etc.printswell.com/,invitations_etc@charter.netLA0066,Something in Particular,somethinginparticular@et.printswell.com,LA0066.gif,http://somethinginparticular.printswell.com/,somethinginparticular@msn.comLA0091,Mint Julep Paperie,mintjuleppaperie@et.printswell.com,LA0091.gif,http://shopmjp.printswell.com/,mintjuleppaperie@gmail.comMA0233,Allure Invitations,allureinvitations@et.printswell.com,MA0233.gif,http://allureinvitations.printswell.com/,mara@allureinvites.comMA0249,Lady Slipper Stationery,ladyslipperstationery@et.printswell.com,MA0249.gif,http://ladyslipperstationery.printswell.com/,ladyslipperstationery@et.printswell.comMA0277,Paper Jewels,paperjewels@et.printswell.com,MA0277.gif,http://paperjewels.printswell.com/,paperjewels@yahoo.comMD0009,Creative Parties Ltd,creativeparties@et.printswell.com,MD0009.gif,http://creativeparties.printswell.com/,tracy@creativeparties.comMD0029,Karrie's Paper Trail,karriespapertrail@et.printswell.com,MD0029.gif,http://karriespapertrail.printswell.com/,kcerone@msn.comMD0034,Sincerely Yours,sincerelyyours@et.printswell.com,MD0034.gif,http://sinceyours.printswell.com/,jill@sincerelyyours-md.comMD0072,Yours Truly Stationery And Gifts,yourstrulyvfreshley@et.printswell.com,MD0072.gif,http://yourstrulyvfreshley.printswell.com/,vfreshley@verizon.netMI0007,Lee's Specialty,leesspecialty@et.printswell.com,MI0007.gif,http://leesspecialty.printswell.com/,shop@leesspecialty.comMI0016,Susan Tisdel Ink,susantisdelink@et.printswell.com,MI0016.gif,http://susantisdelink.printswell.com/,SDTisdel@aol.comMI0025,The Paper Peddler,thepaperpeddler@et.printswell.com,MI0025.gif,http://thepaperpeddler.printswell.com/,thepaperpeddler1@gmail.comMI0085,Sincerely Yours,sincerelyyoursinc@et.printswell.com,MI0085.gif,http://sincerelyyoursinc.printswell.com/,sales@sincerelyyoursinc.comMI0112,Orange Crush Invitations,orangecrush@et.printswell.com,MI0112.gif,http://orangecrush.printswell.com/,orangecrushinvites@hotmail.comMI0115,Make A Note of It,makeanoteofit@et.printswell.com,MI0115.gif,http://makeanoteofit.printswell.com/,barkeleys@icloud.comMI0130,Pineapple Rose Papers,pineapplerosepapers@et.printswell.com,MI0130.gif,http://pineapplerose.printswell.com/,mollylamarche@mac.comMN0045,Suzadoo Designs,suzadoodesigns@et.printswell.com,MN0045.gif,http://suzadoodesigns.printswell.com/,suzadoo@mchsi.comMO0007,The Write Impression,thewriteimpression@et.printswell.com,MO0007.gif,http://thewriteimpressions.printswell.com/,thewriteimpression@sbcglobal.netMO0015,By Invitation Only,byinvitationonly@et.printswell.com,MO0015.gif,http://byinvitationonlystlouis.printswell.com/,byinvonly@gmail.comMO0067,Stationery Designs STL,stationerydesignsstl@et.printswell.com,MO0067.gif,http://stationerydesignsstl.printswell.com/,tammy@stationerydesignsstl.comMO0071,Celebrated Occasions,celebratedoccasions@et.printswell.com,MO0071.gif,http://celebratedoccasions.printswell.com/,celebratedoccasions@juno.comMO0111,The Calligraphy Lady,thecalligraphylady@et.printswell.com,MO0111.gif,http://invitationer.printswell.com/,calligraphylady@yahoo.comMS0082,Forrest Paper Company,forrestpapercompany@et.printswell.com,MS0082.gif,http://forrestpaper.printswell.com/,cheryl@forrestpaper.comMS0119,Fresh Ink,freshink@et.printswell.com,MS0119.gif,http://freshink.printswell.com/,info@fresh-ink.comMS0127,Swirlz,swirlz@et.printswell.com,MS0127.gif,http://swirlzonline.printswell.com/,invitations@swirlzonline.comMS0131,The Bees Knees,thebeesknees@et.printswell.com,MS0131.gif,http://beesknees.printswell.com/,lee@thebeeskneespaper.comMS0475,TMI Too Many Invitations LLC ,tmiyazoo@et.printswell.com,MS0475.gif,http://tmiyazoo.printswell.com/,tmiyazoo@gmail.comMS0478,MADdesign,maddesign@et.printswell.com,MS0478.gif,http://maddesign.printswell.com/,missy@maddesignms.comMT0002,Noteworthy Paper & Press,noteworthypaperandpress@et.printswell.com,MT0002.gif,http://noteworthystore.printswell.com/,taylor@noteworthystore.comNC0038,Little House Shoppe,littlehouseshoppe@et.printswell.com,NC0038.gif,http://littlehouseshoppe.printswell.com/,invitations@carolina.rr.comNC0127,The Paper Lady,paperlady@et.printswell.com,NC0127.gif,http://paperlady.printswell.com/,debbyferg@hotmail.comNC0212,Tammy's Fine Papers & Gifts,tammysfinepapers@et.printswell.com,NC0212.gif,http://tammyspapersandgifts.printswell.com/,tammy.haywood@nc.rr.comNC0363,Merry Invites,Merry Invites@et.printswell.com,NC0363.gif,http://merryinvites.printswell.com/,merryinvites@gmail.comNC0368,Caroline's Gifts,carolinesgifts@et.printswell.com,NC0368.gif,http://carolinesgifts.printswell.com/,carolinesgifts.2013@yahoo.comNC0376,Juliepatoolie's,juliepatoolies@et.printswell.com,NC0376.gif,http://juliepatoolies.printswell.com/,juliepatooliedesign@gmail.comNC0383,A Notable Affair,anotableaffair@et.printswell.com,NC0383.gif,http://anotableaffair.printswell.com/,anotableaffairnc@gmail.comNE0013,RSVP,rsvp@et.printswell.com,NE0013.gif,http://rsvpnotes.printswell.com/,nanciRSVP@aol.comNJ0011,Invitations by Muriel,invitationsbymuriel@et.printswell.com,NJ0011.gif,http://invitationsbymurielmeiskin.printswell.com/,murielmeiskin@optonline.netNJ0074,Invitations by Andi,invitationsabyandi@et.printswell.com,NJ0074.gif,http://invitebyandi.printswell.com/,invitebyandi@gmail.comNJ0359,The Write Occasion,writeoccasion@et.printswell.com,NJ0359.gif,http://writeoccasion.printswell.com/,writeoccasion@optonline.netNJ0422,Match Point Stationery LLC,matchpointstationery@et.printswell.com,NJ0422.gif,http://matchpoint.printswell.com/,info@matchpointstationery.comNJ0427,Style Invitations,styleinvitations@et.printswell.com,NJ0427.gif,http://styleinvitations.printswell.com/,melanie@styleinvitations.comNJ0459,Lina's Touch Invitations & Accessories LLCr Pals,linastouchinvitation@et.printswell.com,NJ0459.gif,http://linastouch.printswell.com/,linamatt@ymail.comNJ0468,So Sweet Stationery,sosweetstationery@et.printswell.com,NJ0468.gif,http://sosweetstationery.printswell.com/,shop@sosweetstationery.comNY0050,Plandome Paperie,plandomepaperie@et.printswell.com,NY0050.gif,http://plandomepaperie.printswell.com/,info@plandomepaperie.comNY0136,Write On! Larchmont,writeonlarchmont@et.printswell.com,NY0136.gif,http://writeonlarchmont.printswell.com/,writeonlarchmont@gmail.comNY0166,Personalize it!,personalizeit@et.printswell.com,NY0166.gif,http://personalizeit.printswell.com/,jill@personalizeitstationery.comNY0180,Always Impressive,alwaysimpressive @et.printswell.com,NY0180.gif,http://alwaysimpressive.printswell.com/,impressinvite@aol.comNY0260,Janice's Invites,janicesinvites@et.printswell.com,NY0260.gif,http://janicesinvites.printswell.com/,jinvites@hotmail.comNY0290,Laura's Notes,laurasnotes@et.printswell.com,NY0290.gif,http://laurasnotes.printswell.com/,laura@laurasnotes.comNY0371,Small Fry Press,smallfrypress@et.printswell.com,NY0371.gif,http://smallfrypress.printswell.com/,smallfrypress@aol.comNY0483,Dorey K.,doreyk@et.printswell.com,NY0483.gif,http://doreyk.printswell.com/,dorey.kappel@gmail.comNY0543,Just The Write Touch,justthewritetouch@et.printswell.com,NY0543.gif,http://justthewritetouch.printswell.com/,justthewritetouch@yahoo.comNY0550,Party Accents,partyaccents@et.printswell.com,NY0550.gif,http://partyaccents.printswell.com/,roberta@partyaccents.bizNY0569,Paper Treasures,papertreasures@et.printswell.com,NY0569.gif,http://papertreasures.printswell.com/,papertreasures@optonline.netNY0606,Trendy Treasures Boutique,trendytreasuresboutique@et.printswell.com,NY0606.gif,http://trendytreasuresboutique.printswell.com/,info@trendytreasuresboutique.comNY0630,Classy Correspondence,classycorrespondence@et.printswell.com,NY0630.gif,http://classycorrespondence.printswell.com/,juliegoudge@gmail.comOH0026,Fine Lines,finelines@et.printswell.com,OH0026.gif,http://finelines.printswell.com/,finelinesinc@msn.comOH0032,A. L. Wain Co.,alwainco@et.printswell.com,OH0032.gif,http://alwain.printswell.com/,awgarnitz@gmail.comOH0108,the envelope please,envelopeplease@et.printswell.com,OH0108.gif,http://tep.printswell.com/,envelope.please@yahoo.comOH0169,Personalize It,personalizeit@et.printswell.com,OH0169.gif,http://upersonalizeit.printswell.com/,ordernotecards@gmail.comOH0171,So Inviting Designs,soinvitingdesigns@et.printswell.com,OH0171.gif,http://soinvitingdesigns.printswell.com/,sarah@soinvitingdesigns.netOH0175,On Paper,onpaper@et.printswell.com,OH0175.gif,http://onpaper.printswell.com/,writeon@onpaper.comOH0183,Stamler Design,stamlerdesign@et.printswell.com,OH0183.gif,http://stamlerdesign.printswell.com/,cwstamler@gmail.comPA0161,Party Please,partyplease@et.printswell.com,PA0161.gif,http://partyplease.printswell.com/,partyplease303@aol.comPA0178,M-Bellish,mbellish@et.printswell.com,PA0178.gif,http://m-bellish.printswell.com/,grover2244@yahoo.comPA0210,Paper and Posh,paperandposh@et.printswell.com,PA0210.gif,http://paperandposhonline.printswell.com/,lindsay@paperandposhonline.comPA0211,RM Creative Events,rmcreativeevents@et.printswell.com,PA0211.gif,http://rmeventsinc.printswell.com/,rmyers@rmeventsinc.comPA0212,More Than Words,morethanwords@et.printswell.com,PA0212.gif,http://morethanwordspgh.printswell.com/,mtwordspgh@aol.comPA0230,Stone Hill Paperie,stonehillpaperie@et.printswell.com,PA0230.gif,http://stonehillpaperie.printswell.com/,amy@stonehillpaperie.comPR0010,L'invitation by Vicky,linvitation@et.printswell.com,PR0010.gif,http://linvitation.printswell.com/,maestreotero@yahoo.comPR0024,fromudesigns,fromudesigns@et.printswell.com,PR0024.gif,http://fromudesigns.printswell.com/,fromu@rocketmail.comSC0099,The Brown Bag,thebrownbag@et.printswell.com,SC0099.gif,http://thebrownbag.printswell.com/,thebrownbagsc@yahoo.comSC0158,Lindsay Lane,lindsaylane@et.printswell.com,SC0158.gif,http://lindsaylane.printswell.com/,lindsay@lindsay-lane.comPWRetail,PrintsWell,printswell@et.printswell.com,stationerystore.gif,http://www.printswell.com/,websupport@printswell.comTN0038,Buchanan Ink,buchananink@et.printswell.com,TN0038.gif,http://buchananink.printswell.com/,bb@buchananink.comTN0219,Paper Pals,paperpals@et.printswell.com,TN0219.gif,http://paperpals.printswell.com/,max261@aol.comTN0227,Invitation Creations by Jennifer,invitationcreationsbyjennifer@et.printswell.com,TN0227.gif,http://invitationcreationsbyj.printswell.com/,jennifer@invitationsbyj.comTN0284,Be Blessed Stationery & Gifts,beblessedstationeryandgifts@et.printswell.com,TN0284.gif,http://beblessed.printswell.com/,aubreynwest@gmail.comTN0289,Cutie Pie Cards,cutiepiecards@et.printswell.com,TN0289.gif,http://cutiepiecards.printswell.com/,cutiepiecards@charter.netTN0315,PWSTREET Photography & Design,pwstreetphotography@et.printswell.com,TN0315.gif,http://pwstreet.printswell.com/,pennystreet@pwstreetphotography.comTX0024,A Perfect Pair by Julie and Sally,aperfectpairbyjulieandsally@et.printswell.com,TX0024.gif,http://aperfectpair.printswell.com/,juliegoudge@gmail.comTX0046,The Write Choice,thewritechoice@et.printswell.com,TX0046.gif,http://thewritechoice.printswell.com/,jennie.gilchrist@gmail.comTX0073,Best Wishes,bestwishes@et.printswell.com,TX0073.gif,http://bestwishes.printswell.com/,courtney@bestwishesandmore.comTX0096,Papers and Plants Unlimited,papersandplantsunlimited@et.printswell.com,TX0096.gif,http://papersandplants.printswell.com/,belinda@papersandplants.comTX0134,Write On Time Designs,writeontimedesigns@et.printswell.com,TX0134.gif,http://writeontime.printswell.com/,mica@writeontime.usTX0315,French Blue Company,frenchbluepapers@et.printswell.com,TX0315.gif,http://frenchbluepapers.printswell.com/,contactus@frenchbluepapers.comTX0334,Social Seasons,socialseasons@@et.printswell.com,TX0334.gif,http://socialseasons.printswell.com/,socsea@swbell.netTX0336,Patricia's Printing Press,patriciasprintingpress@et.printswell.com,TX0336.gif,http://ppp.printswell.com/,pmdmorris@aol.comTX0344,Shamrock Press,shamrockpress@et.printswell.com,TX0344.gif,http://shamrockpress.printswell.com/,ShamrockPress@comcast.netTX0371,Little Miracles,lucibelllittlemiracles@et.printswell.com,TX0371.gif,http://lucibelllittlemiracles.printswell.com/,lwpipes@yahoo.comTX0545,Good Gifts,goodgifts@et.printswell.com,TX0545.gif,http://goodgifts.printswell.com/,ginna@goodgifts.ccTX0555,The Invitation Chicks,theinvitationchicks@et.printswell.com,TX0555.gif,http://theinvitationchicks.printswell.com/,theinvitationchicks@gmail.comTX0565,Paper Ranch,paperranch@et.printswell.com,TX0565.gif,http://paperranch.printswell.com/,casey@paperranch.netTX0608,Invitation Creations,invitationcreations@et.printswell.com,TX0608.gif,http://invitationcreations.printswell.com/,anisa@invitationcreations.netTX0625,FeatherTree Invitations,feathertreeinvites@et.printswell.com,TX0625.gif,http://feathertreeinvites.printswell.com/,lindseyneuhaus@mac.comTX0627,Sunshine Paperie,sunshinepaperie@et.printswell.com,TX0627.gif,http://sunshinepaperie.printswell.com/,amy@sunshinepaperie.comTX0629,Paper Couture,papercouture@et.printswell.com,TX0629.gif,http://papercouture.printswell.com/,jeradee@suddenlink.netTX0651,Paper Gudes,papergudes@et.printswell.com,TX0651.gif,http://papergudes.printswell.com/,rebekah@mypaperink.comTX0682,The Waverly Paperie,thewaverlypaperie@et.printswell.com,TX0682.gif,http://thewaverlypaperie.printswell.com/,lynsie@thewaverlypaperie.comTX0716,Gift & Gourmet,giftandgourmetseguin@et.printswell.com,TX0716.gif,http://giftandgourmetseguin.printswell.com/,mary@giftandgourmetseguin.comTX0722,Invitation House,invitationhouse@et.printswell.com,TX0722.gif,http://invitationhousebiz.printswell.com/,info@invitationhouse.bizTX0736,Duvall and Company,duvallandcompany@et.printswell.com,TX0736.gif,http://duvallandcompany.printswell.com/,casey@duvallandcompany.comVA0135,Just Write For You,justwriteforyou@et.printswell.com,VA0135.gif,http://justwriteforyou.printswell.com/,justwriteforyou@verizon.netVA0290,Live Love Paper,livelovepaper@et.printswell.com,VA0290.gif,http://livelovepaper.printswell.com/,livelovepaper@yahoo.com